Variable,Importancia PFI,Std
height_med,0.075,0.038358
evi_med,0.04375,0.059621
ndre_med,0.039583,0.075231
ndvi_med,0.019792,0.029628
gli_med,-0.01875,0.03385
