Variable,Importancia PFI,Std
evi_med,0.027083,0.053966
height_med,0.023958,0.03393
gli_med,-0.008333,0.03864
ndre_med,-0.0125,0.061767
ndvi_med,-0.029167,0.024116
