Variable,Importancia PFI,Std
height_med,0.035417,0.035843
evi_med,0.010417,0.051875
ndre_med,0.005208,0.051084
gli_med,-0.034375,0.027183
ndvi_med,-0.05,0.022244
