Variable,Importancia PFI,Std
height_med,0.06875,0.031664
evi_med,0.065625,0.056105
ndre_med,0.036458,0.064592
ndvi_med,-0.001042,0.020545
gli_med,-0.003125,0.021875
