Configuración,Capas ocultas,Neuronas/capa,Tasa aprendizaje,Épocas ejecutadas,Loss Train mínima,Loss Val mínima,Loss Train final,Loss Val final,Acc Train (máx),Acc Val (máx),Acc Test,Brecha Acc Train-Val,Brecha Loss Val-Train
2L-64N-lr0.1,2,64,0.1,32,0.895706,0.995798,1.059864,1.336459,0.6111,0.5938,0.3438,0.0174,0.100093
3L-32N-lr0.01,3,32,0.01,22,0.729128,1.040371,0.731947,1.345548,0.7071,0.5938,0.4062,0.1133,0.311242
1L-32N-lr0.01,1,32,0.01,24,0.836131,1.098676,0.836131,1.173577,0.6364,0.5625,0.25,0.0739,0.262545
2L-16N-lr0.01,2,16,0.01,25,0.829419,1.106768,0.829419,1.115902,0.6667,0.5312,0.4688,0.1354,0.277349
3L-16N-lr0.001,3,16,0.001,52,0.885913,1.109654,0.885913,1.13835,0.6212,0.5938,0.3438,0.0275,0.223742
1L-16N-lr0.001,1,16,0.001,103,0.930802,1.142359,0.930802,1.149031,0.601,0.5312,0.4062,0.0698,0.211557
2L-32N-lr0.001,2,32,0.001,47,0.850077,1.146023,0.850077,1.157972,0.6566,0.5312,0.375,0.1253,0.295946
3L-64N-lr0.001,3,64,0.001,27,0.821427,1.156418,0.821427,1.253571,0.6616,0.5312,0.2812,0.1304,0.33499
